{
  "feature_names": [
    "ax",
    "ay",
    "az",
    "mag"
  ],
  "mean": [
    0.20659823715686798,
    0.3616807162761688,
    -0.27108296751976013,
    10.052064895629883
  ],
  "std": [
    5.056621074676514,
    8.464357376098633,
    4.613103866577148,
    4.206943511962891
  ],
  "std_ddof": 1
}